Date,Open,High,Low,Close,Volume,Ex-Dividend,Split Ratio,Adj. Open,Adj. High,Adj. Low,Adj. Close,Adj. Volume
2016-01-04,54.32,54.8,53.39,54.8,53777963.0,0.0,1.0,52.2632351086,52.725060455657,51.368448498678,52.725060455657,53777963.0
2016-01-05,54.93,55.39,54.54,55.05,34079674.0,0.0,1.0,52.850138153818,53.292720778081,52.474905059335,52.965594490583,34079674.0
2016-01-06,54.32,54.4001,53.64,54.05,39518863.0,0.0,1.0,52.2632351086,52.34030221339,51.608982533603,52.003458350881,39518863.0
2016-01-07,52.7,53.485,52.07,52.17,56564852.0,0.0,1.0,50.704574562283,51.459851431949,50.098428794271,50.194642408241,56564852.0
2016-01-08,52.37,53.28,52.15,52.33,48753969.0,0.0,1.0,50.387069636182,51.26261352331,50.175399685447,50.348584190594,48753969.0
2016-01-11,52.51,52.85,51.46,52.3,36943756.0,0.0,1.0,50.52176869574,50.848894983239,49.511525749053,50.319720106403,36943756.0
2016-01-12,52.76,53.1,52.06,52.78,36095539.0,0.0,1.0,50.762302730666,51.089429018164,50.088807432874,50.78154545346,36095539.0
2016-01-13,53.8,54.07,51.3038,51.64,66883571.0,0.0,1.0,51.762924315955,52.022701073675,49.361240084032,49.6847102542,66883571.0
2016-01-14,52.0,53.4163,51.57,53.11,52381918.0,0.0,1.0,50.031079264492,51.393752679152,49.61736072442,51.099050379561,52381918.0
2016-01-15,51.31,51.97,50.34,50.99,71820697.0,0.0,1.0,49.367205328098,50.002215180301,48.433933272587,49.059321763393,71820697.0
2016-01-19,51.48,51.68,50.06,50.56,43564538.0,0.0,1.0,49.530768471847,49.723195699788,48.164535153471,48.645603223322,43564538.0
2016-01-20,49.98,51.38,49.1,50.79,63272993.0,0.0,1.0,48.087564262295,49.434554857877,47.240884459357,48.866894535453,63272993.0
2016-01-21,51.0,51.58,50.3,50.48,40191157.0,0.0,1.0,49.06894312479,49.626982085817,48.395447826999,48.568632332145,40191157.0
2016-01-22,51.41,52.33,51.26,52.29,37555789.0,0.0,1.0,49.463418942068,50.348584190594,49.319098521113,50.310098745006,37555789.0
2016-01-25,51.94,52.65,51.65,51.79,34707717.0,0.0,1.0,49.97335109611,50.656467755298,49.694331615597,49.829030675155,34707717.0
2016-01-26,51.79,52.44,51.55,52.17,28900820.0,0.0,1.0,49.829030675155,50.454419165961,49.598118001626,50.194642408241,28900820.0
2016-01-27,52.01,52.2,51.0201,51.22,36775194.0,0.0,1.0,50.040700625889,50.223506492433,49.088282061198,49.280613075525,36775194.0
2016-01-28,51.86,52.21,51.25,52.055,62513789.0,0.0,1.0,49.896380204934,50.23312785383,49.309477159716,50.083996752176,62513789.0
2016-01-29,54.73,55.09,54.0,55.09,83611686.0,0.0,1.0,52.657710925878,53.004079936171,51.955351543896,53.004079936171,83611686.0
2016-02-01,54.88,55.09,54.495,54.71,44208542.0,0.0,1.0,52.802031346833,53.004079936171,52.431608933048,52.638468203084,44208542.0
2016-02-02,54.17,54.26,52.65,53.0,56313753.0,0.0,1.0,52.118914687645,52.205506940218,50.656467755298,50.993215404194,56313753.0
2016-02-03,53.25,53.39,51.26,52.16,57559814.0,0.0,1.0,51.233749439119,51.368448498678,49.319098521113,50.185021046844,57559814.0
2016-02-04,52.1,52.81,51.37,52.0,46987123.0,0.0,1.0,50.127292878462,50.810409537651,49.42493349648,50.031079264492,46987123.0
2016-02-05,51.94,52.0,49.56,50.16,62008994.0,0.0,1.0,49.97335109611,50.031079264492,47.68346708362,48.260748767441,62008994.0
2016-02-08,49.55,49.57,48.19,49.41,59290497.0,0.0,1.0,47.673845722223,47.693088445017,46.365340572228,47.539146662665,59290497.0
2016-02-09,49.02,50.24,48.67,49.28,46740474.0,0.0,1.0,47.163913568181,48.337719658617,46.827165919285,47.414068964503,46740474.0
2016-02-10,49.89,50.39,49.52,49.71,38236954.0,0.0,1.0,48.000972009721,48.482040079572,47.644981638032,47.827787504575,38236954.0
2016-02-11,48.68,50.11,48.51,49.69,48878571.0,0.0,1.0,46.836787280682,48.212641960456,46.673224136933,47.808544781781,48878571.0
2016-02-12,50.25,50.68,49.75,50.5,34243324.0,0.0,1.0,48.347341020014,48.761059560086,47.866272950163,48.58787505494,34243324.0
2016-02-16,50.9,51.09,50.13,51.09,37291208.0,0.36,1.0,49.317810399916,49.501904387656,48.571745291705,49.501904387656,37291208.0
2016-02-17,51.49,52.77,51.45,52.42,40788968.0,0.0,1.0,49.889470677636,51.129682805571,49.850714048638,50.790562301839,40788968.0
2016-02-18,52.33,52.95,52.1,52.19,27176035.0,0.0,1.0,50.703359886593,51.304087636062,50.480509269855,50.5677116851,27176035.0
2016-02-19,51.97,52.28,51.53,51.82,33559073.0,0.0,1.0,50.354550225612,50.654914100346,49.928227306634,50.209212866869,33559073.0
2016-02-22,52.28,53.0,52.28,52.65,25008291.0,0.0,1.0,50.654914100346,51.352533422309,50.654914100346,51.013412918577,25008291.0
2016-02-23,52.34,52.37,50.98,51.18,28895274.0,0.0,1.0,50.713049043843,50.742116515591,49.395323657912,49.589106802902,28895274.0
2016-02-24,50.69,51.5,50.2,51.36,33014457.0,0.0,1.0,49.114338097676,49.899159834885,48.639569392451,49.763511633392,33014457.0
2016-02-25,51.73,52.1,50.61,52.1,26939467.0,0.0,1.0,50.122010451624,50.480509269855,49.036824839681,50.480509269855,26939467.0
2016-02-26,52.6,52.68,51.1,51.3,35975925.0,0.0,1.0,50.96496713233,51.042480390325,49.511593544906,49.705376689896,35975925.0
2016-02-29,51.35,51.65,50.66,50.88,31654036.0,0.0,1.0,49.753822476143,50.044497193628,49.085270625928,49.298432085417,31654036.0
2016-03-01,50.97,52.59,50.9199,52.58,33024535.0,0.0,1.0,49.385634500662,50.95527797508,49.337091822842,50.945588817831,33024535.0
2016-03-02,52.41,52.96,52.155,52.95,29289884.0,0.0,1.0,50.780873144589,51.313776793311,50.533799634727,51.304087636062,29289884.0
2016-03-03,52.97,52.97,51.78,52.35,24427813.0,0.0,1.0,51.323465950561,51.323465950561,50.170456237871,50.722738201092,24427813.0
2016-03-04,52.4,52.45,51.71,52.03,33034150.0,0.0,1.0,50.77118398734,50.819629773587,50.102632137125,50.412685169108,33034150.0
2016-03-07,51.56,51.8,50.58,51.03,38428816.0,0.0,1.0,49.957294778382,50.18983455237,49.007757367932,49.443769444159,38428816.0
2016-03-08,50.8,52.13,50.595,51.65,33075517.0,0.0,1.0,49.220918827421,50.509576741603,49.022291103806,50.044497193628,33075517.0
2016-03-09,51.89,52.85,51.855,52.84,28251588.0,0.0,1.0,50.277036967616,51.207196063567,50.243124917242,51.197506906317,28251588.0
2016-03-10,52.93,52.94,51.16,52.05,38387804.0,0.0,1.0,51.284709321563,51.294398478812,49.569728488403,50.432063483607,38387804.0
2016-03-11,53.0,53.07,52.38,53.07,32275677.0,0.0,1.0,51.352533422309,51.420357523056,50.751805672841,51.420357523056,32275677.0
2016-03-14,52.71,53.59,52.63,53.17,24083616.0,0.0,1.0,51.071547862074,51.924193700029,50.994034604078,51.517249095551,24083616.0
2016-03-15,52.75,53.59,52.74,53.59,21104763.0,0.0,1.0,51.110304491072,51.924193700029,51.100615333822,51.924193700029,21104763.0
2016-03-16,53.45,54.6,53.4,54.35,31691742.0,0.0,1.0,51.788545498536,52.902798582228,51.740099712289,52.660569650991,31691742.0
2016-03-17,54.21,55.0,54.0,54.66,28223947.0,0.0,1.0,52.524921449498,53.290364872208,52.321449147258,52.960933525725,28223947.0
2016-03-18,54.92,54.97,53.445,53.49,67625518.0,0.0,1.0,53.212851614212,53.261297400459,51.783700919912,51.827302127534,67625518.0
2016-03-21,53.25,53.9298,52.93,53.86,23925716.0,0.0,1.0,51.594762353547,52.253431263367,51.284709321563,52.185800945766,23925716.0
2016-03-22,53.61,54.25,53.46,54.07,23124143.0,0.0,1.0,51.943572014528,52.563678078496,51.798234655786,52.389273248005,23124143.0
2016-03-23,54.11,54.24,53.74,53.97,20129015.0,0.0,1.0,52.428029877003,52.553988921246,52.069531058772,52.29238167551,20129015.0
2016-03-24,53.84,54.33,53.73,54.21,19949972.0,0.0,1.0,52.166422631267,52.641191336492,52.059841901522,52.524921449498,19949972.0
2016-03-28,54.21,54.29,53.33,53.54,17025050.0,0.0,1.0,52.524921449498,52.602434707494,51.672275611542,51.875747913782,17025050.0
2016-03-29,53.66,54.86,53.45,54.71,23924329.0,0.0,1.0,51.992017800776,53.154716670715,51.788545498536,53.009379311972,23924329.0
2016-03-30,54.93,55.64,54.9,55.05,23008260.0,0.0,1.0,53.222540771461,53.910470936175,53.193473299713,53.338810658455,23008260.0
2016-03-31,54.95,55.59,54.86,55.23,26360495.0,0.0,1.0,53.24191908596,53.862025149928,53.154716670715,53.513215488946,26360495.0
2016-04-01,55.05,55.61,54.57,55.57,24399193.0,0.0,1.0,53.338810658455,53.881403464427,52.87373111048,53.842646835429,24399193.0
2016-04-04,55.43,55.66,55.0,55.43,18928810.0,0.0,1.0,53.706998633936,53.929849250674,53.290364872208,53.706998633936,18928810.0
2016-04-05,55.19,55.3,54.46,54.56,19272255.0,0.0,1.0,53.474458859948,53.581039589692,52.767150380735,52.86404195323,19272255.0
2016-04-06,54.36,55.2,54.21,55.12,21188682.0,0.0,1.0,52.67025880824,53.484148017198,52.524921449498,53.406634759202,21188682.0
2016-04-07,54.87,54.91,54.23,54.46,19225092.0,0.0,1.0,53.164405827964,53.203162456962,52.544299763997,52.767150380735,19225092.0
2016-04-08,54.67,55.28,54.32,54.42,22167223.0,0.0,1.0,52.970622682974,53.561661275193,52.631502179242,52.728393751737,22167223.0
2016-04-11,54.49,55.15,54.3,54.31,21414227.0,0.0,1.0,52.796217852484,53.43570223095,52.612123864743,52.621813021993,21414227.0
2016-04-12,54.37,54.78,53.76,54.65,24944288.0,0.0,1.0,52.67994796549,53.077203412719,52.088909373271,52.951244368475,24944288.0
2016-04-13,55.12,55.4375,54.89,55.35,20817961.0,0.0,1.0,53.406634759202,53.714265501873,53.183784142463,53.62948537594,20817961.0
2016-04-14,55.22,55.575,55.07,55.36,20877108.0,0.0,1.0,53.503526331697,53.847491414053,53.358188972954,53.639174533189,20877108.0
2016-04-15,55.3,55.92,55.11,55.65,28793753.0,0.0,1.0,53.581039589692,54.181767339161,53.396945601952,53.920160093425,28793753.0
2016-04-18,55.49,56.59,55.21,56.46,23785950.0,0.0,1.0,53.765133577433,54.830940874877,53.493837174447,54.704981830634,23785950.0
2016-04-19,56.63,56.77,55.68,56.39,29596827.0,0.0,1.0,54.869697503875,55.005345705368,53.949227565173,54.637157729887,29596827.0
2016-04-20,56.29,56.5,55.485,55.59,36195714.0,0.0,1.0,54.540266157392,54.743738459632,53.760288998808,53.862025149928,36195714.0
2016-04-21,55.8,56.23,55.415,55.78,38909096.0,0.0,1.0,54.065497452167,54.482131213895,53.692464898062,54.046119137668,38909096.0
2016-04-22,51.91,52.4297,50.77,51.78,126834091.0,0.0,1.0,50.296415282115,50.799960784371,49.191851355672,50.170456237871,126834091.0
2016-04-25,51.78,52.13,51.63,52.11,33226948.0,0.0,1.0,50.170456237871,50.509576741603,50.025118879129,50.490198427104,33226948.0
2016-04-26,52.26,52.35,51.09,51.44,33532636.0,0.0,1.0,50.635535785847,50.722738201092,49.501904387656,49.841024891388,33532636.0
2016-04-27,51.48,51.5,50.55,50.94,43369256.0,0.0,1.0,49.879781520386,49.899159834885,48.978689896184,49.356567028914,43369256.0
2016-04-28,50.62,50.77,49.56,49.9,43134846.0,0.0,1.0,49.04651399693,49.191851355672,48.019463328484,48.348894674967,43134846.0
2016-04-29,49.35,50.25,49.35,49.87,48411684.0,0.0,1.0,47.815991026245,48.688015178699,47.815991026245,48.319827203218,48411684.0
2016-05-02,50.0,50.75,49.7799,50.61,33114539.0,0.0,1.0,48.445786247462,49.172473041173,48.2325278964,49.036824839681,33114539.0
2016-05-03,50.34,50.41,49.6,49.78,26460244.0,0.0,1.0,48.775217593944,48.843041694691,48.058219957482,48.232624787973,26460244.0
2016-05-04,49.84,50.06,49.46,49.87,24257556.0,0.0,1.0,48.29075973147,48.503921190958,47.922571755989,48.319827203218,24257556.0
2016-05-05,49.87,50.3,49.73,49.94,25390718.0,0.0,1.0,48.319827203218,48.736460964946,48.184179001725,48.387651303965,25390718.0
2016-05-06,49.92,50.39,49.66,50.39,24787301.0,0.0,1.0,48.368272989466,48.823663380192,48.116354900979,48.823663380192,24787301.0
2016-05-09,50.49,50.585,50.0,50.07,17951598.0,0.0,1.0,48.920554952687,49.012601946557,48.445786247462,48.513610348208,17951598.0
2016-05-10,50.33,51.1,50.19,51.02,22890966.0,0.0,1.0,48.765528436695,49.511593544906,48.629880235202,49.43408028691,22890966.0
2016-05-11,51.13,51.78,51.0,51.05,24039140.0,0.0,1.0,49.540661016654,50.170456237871,49.414701972411,49.463147758658,24039140.0
2016-05-12,51.2,51.81,50.92,51.51,24102781.0,0.0,1.0,49.608485117401,50.19952370962,49.337188714415,49.908848992135,24102781.0
2016-05-13,51.44,51.895,51.04,51.08,22592342.0,0.0,1.0,49.841024891388,50.28188154624,49.453458601409,49.492215230407,22592342.0
2016-05-16,50.8,51.96,50.75,51.83,20032017.0,0.0,1.0,49.220918827421,50.344861068362,49.172473041173,50.218902024119,20032017.0
2016-05-17,51.72,51.73,50.36,50.51,27803514.0,0.36,1.0,50.469486918329,50.479245133124,49.142369706246,49.288742928167,27803514.0
2016-05-18,50.48,51.14,50.3,50.81,24907532.0,0.0,1.0,49.259468283783,49.903510460235,49.083820417478,49.581489372009,24907532.0
2016-05-19,50.47,50.62,49.82,50.32,23842358.0,0.0,1.0,49.249710068988,49.396083290909,48.615426107331,49.103336847068,23842358.0
2016-05-20,50.48,51.22,50.4,50.62,23905769.0,0.0,1.0,49.259468283783,49.981576178593,49.181402565425,49.396083290909,23905769.0
2016-05-23,50.6,50.68,49.98,50.03,26118720.0,0.0,1.0,49.37656686132,49.454632579678,48.771557544047,48.82034861802,26118720.0
2016-05-24,50.7,51.71,50.4,51.59,34757944.0,0.0,1.0,49.474149009267,50.459728703535,49.181402565425,50.342630125998,34757944.0
2016-05-25,51.92,52.49,51.79,52.12,24204566.0,0.0,1.0,50.664651214224,51.220869457523,50.537794421892,50.859815510118,24204566.0
2016-05-26,51.93,51.9793,51.36,51.89,24335223.0,0.0,1.0,50.674409429019,50.722517427957,50.118191185719,50.63537656984,24335223.0
2016-05-27,51.92,52.32,51.77,52.32,17721438.0,0.0,1.0,50.664651214224,51.054979806013,50.518277992303,51.054979806013,17721438.0
2016-05-31,52.26,53.0,52.08,53.0,37653081.0,0.0,1.0,50.996430517245,51.718538412054,50.82078265094,51.718538412054,37653081.0
2016-06-01,52.44,52.95,52.44,52.85,25324828.0,0.0,1.0,51.17207838355,51.669747338081,51.17207838355,51.572165190134,25324828.0
2016-06-02,52.64,52.74,51.835,52.48,22840779.0,0.0,1.0,51.367242679444,51.464824827392,50.581706388469,51.211111242729,22840779.0
2016-06-03,52.38,52.42,51.6,51.79,23368291.0,0.0,1.0,51.113529094781,51.15256195396,50.352388340793,50.537794421892,23368291.0
2016-06-06,51.99,52.35,51.89,52.13,18243271.0,0.0,1.0,50.732958717787,51.084254450397,50.63537656984,50.869573724913,18243271.0
2016-06-07,52.24,52.73,52.1,52.1,20866770.0,0.0,1.0,50.976914087655,51.455066612597,50.840299080529,50.840299080529,20866770.0
2016-06-08,52.02,52.44,51.87,52.04,21149438.0,0.0,1.0,50.762233362171,51.17207838355,50.61586014025,50.781749791761,21149438.0
2016-06-09,52.0,52.0,51.49,51.62,20305664.0,0.0,1.0,50.742716932582,50.742716932582,50.245047978051,50.371904770382,20305664.0
2016-06-10,51.05,52.05,51.04,51.48,25833151.0,0.0,1.0,49.815686527083,50.791508006555,49.805928312288,50.235289763256,25833151.0
2016-06-13,49.58,50.715,49.06,50.14,83217844.0,0.0,1.0,48.381228952258,49.488786331459,47.873801782932,48.927688980762,83217844.0
2016-06-14,49.9,50.1,49.57,49.83,42577106.0,0.0,1.0,48.693491825689,48.888656121584,48.371470737463,48.625184322126,42577106.0
2016-06-15,49.78,50.12,49.69,49.69,33757639.0,0.0,1.0,48.576393248152,48.908172551173,48.488569315,48.488569315,33757639.0
2016-06-16,49.52,50.47,49.5068,50.39,31188605.0,0.0,1.0,48.322679663489,49.249710068988,48.30979881996,49.171644350631,31188605.0
2016-06-17,50.41,50.43,49.82,50.13,45710516.0,0.0,1.0,49.19116078022,49.21067720981,48.615426107331,48.917930765968,45710516.0
2016-06-20,50.64,50.83,50.03,50.07,35607946.0,0.0,1.0,49.415599720499,49.601005801599,48.82034861802,48.859381477199,35607946.0
2016-06-21,50.2,51.43,50.16,51.19,34097825.0,0.0,1.0,48.986238269531,50.186498689282,48.947205410352,49.952301534209,34097825.0
2016-06-22,51.08,51.46,50.9525,50.99,28816848.0,0.0,1.0,49.844961171467,50.215773333666,49.720543932834,49.757137238314,28816848.0
2016-06-23,51.28,52.06,51.15,51.91,29028833.0,0.0,1.0,50.040125467361,50.80126622135,49.91326867503,50.654892999429,29028833.0
2016-06-24,49.81,50.94,49.52,49.83,133502985.0,0.0,1.0,48.605667892536,49.708346164341,48.322679663489,48.625184322126,133502985.0
2016-06-27,49.1,49.1466,48.035,48.43,50576699.0,0.0,1.0,47.912834642111,47.958307923054,46.873584766472,47.259034250864,50576699.0
2016-06-28,48.92,49.47,48.67,49.44,38140658.0,0.0,1.0,47.737186775806,48.273888589516,47.493231405938,48.244613945132,38140658.0
2016-06-29,49.91,50.72,49.8,50.54,31304021.0,0.0,1.0,48.703250040484,49.493665438857,48.595909677742,49.318017572552,31304021.0
2016-06-30,50.72,51.3,50.5,51.17,28527781.0,0.0,1.0,49.493665438857,50.059641896951,49.278984713373,49.932785104619,28527781.0
2016-07-01,51.13,51.72,51.07,51.16,21400392.0,0.0,1.0,49.89375224544,50.469486918329,49.835202956672,49.923026889825,21400392.0
2016-07-05,50.83,51.28,50.74,51.17,24806351.0,0.0,1.0,49.601005801599,50.040125467361,49.513181868446,49.932785104619,24806351.0
2016-07-06,50.78,51.54,50.39,51.38,28167461.0,0.0,1.0,49.552214727625,50.293839052024,49.171644350631,50.137707615309,28167461.0
2016-07-07,51.42,51.61,51.07,51.38,19585194.0,0.0,1.0,50.176740474488,50.362146555587,49.835202956672,50.137707615309,19585194.0
2016-07-08,51.73,52.36,51.55,52.3,28391026.0,0.0,1.0,50.479245133124,51.094012665192,50.303597266819,51.035463376424,28391026.0
2016-07-11,52.5,52.83,52.47,52.59,22269203.0,0.0,1.0,51.230627672318,51.552648760544,51.201353027934,51.318451605471,22269203.0
2016-07-12,52.94,53.4,52.785,53.21,27317555.0,0.0,1.0,51.659989123286,52.108867003844,51.508736793968,51.923460922744,27317555.0
2016-07-13,53.56,53.86,53.18,53.51,25356841.0,0.0,1.0,52.264998440559,52.557744884401,51.89418627836,52.216207366586,25356841.0
2016-07-14,53.84,53.99,53.58,53.74,24545520.0,0.0,1.0,52.538228454812,52.684601676732,52.284514870149,52.440646306864,24545520.0
2016-07-15,53.95,54.0,53.21,53.7,32024385.0,0.0,1.0,52.645568817554,52.694359891527,51.923460922744,52.401613447685,32024385.0
2016-07-18,53.7,54.34,53.55,53.96,31433864.0,0.0,1.0,52.401613447685,53.026139194548,52.255240225764,52.655327032348,31433864.0
2016-07-19,53.71,53.9,52.93,53.09,53336533.0,0.0,1.0,52.41137166248,52.59677774358,51.650230908491,51.806362345207,53336533.0
2016-07-20,56.15,56.84,55.53,55.91,89893301.0,0.0,1.0,54.792376072394,55.46569289323,54.18736675512,54.55817891732,89893301.0
2016-07-21,55.98,56.23,55.76,55.8,32776653.0,0.0,1.0,54.626486420883,54.870441790751,54.411805695399,54.450838554578,32776653.0
2016-07-22,56.08,56.6275,55.78,56.57,32157167.0,0.0,1.0,54.72406856883,55.258330828842,54.431322124989,55.202221093772,32157167.0
2016-07-25,56.47,56.74,56.255,56.73,25610587.0,0.0,1.0,55.104638945825,55.368110745282,54.894837327738,55.358352530488,25610587.0
2016-07-26,56.52,57.29,56.51,56.76,28078995.0,0.0,1.0,55.153430019798,55.904812558992,55.143671805004,55.387627174872,28078995.0
2016-07-27,56.61,56.8,56.11,56.19,32327477.0,0.0,1.0,55.241253952951,55.426660034051,54.753343213215,54.831408931572,32327477.0
2016-07-28,56.0,56.37,55.72,56.21,37550411.0,0.0,1.0,54.646002850473,55.007056797878,54.37277283622,54.850925361162,37550411.0
2016-07-29,56.26,56.76,56.05,56.68,30558718.0,0.0,1.0,54.899716435136,55.387627174872,54.694793924446,55.309561456514,30558718.0
2016-08-01,56.6,56.75,56.14,56.58,26003419.0,0.0,1.0,55.231495738156,55.377868960077,54.782617857599,55.211979308567,26003419.0
2016-08-02,56.85,56.9,56.31,56.58,35121958.0,0.0,1.0,55.475451108024,55.524242181998,54.948507509109,55.211979308567,35121958.0
2016-08-03,56.68,57.11,56.49,56.97,22075616.0,0.0,1.0,55.309561456514,55.729164692687,55.124155375414,55.592549685561,22075616.0
2016-08-04,56.8,57.5193,56.67,57.39,26587749.0,0.0,1.0,55.426660034051,56.128568424236,55.299803241719,56.00239470694,26587749.0
2016-08-05,57.65,58.21,57.45,57.96,29335221.0,0.0,1.0,56.256108291603,56.802568320107,56.060943995708,56.558612950239,29335221.0
2016-08-08,58.055,58.085,57.78,58.06,19473499.0,0.0,1.0,56.651315990789,56.680590635173,56.382965083934,56.656195098186,19473499.0
2016-08-09,58.17,58.5,58.02,58.2,16920721.0,0.0,1.0,56.763535460928,57.085556549154,56.617162239008,56.792810105313,16920721.0
2016-08-10,58.16,58.32,57.82,58.02,15756913.0,0.0,1.0,56.753777246134,56.909908682849,56.421997943113,56.617162239008,15756913.0
2016-08-11,58.03,58.45,58.03,58.3,18162301.0,0.0,1.0,56.626920453802,57.036765475181,56.626920453802,56.89039225326,18162301.0
2016-08-12,58.03,58.19,57.62,57.94,21655161.0,0.0,1.0,56.626920453802,56.783051890518,56.226833647218,56.53909652065,21655161.0
2016-08-15,58.01,58.5,57.96,58.12,19283902.0,0.0,1.0,56.607404024213,57.085556549154,56.558612950239,56.714744386955,19283902.0
2016-08-16,57.61,57.62,57.27,57.44,20523493.0,0.36,1.0,56.569410863407,56.579230236929,56.23555216364,56.402481513524,20523493.0
2016-08-17,57.54,57.68,57.23,57.56,18856423.0,0.0,1.0,56.500675248749,56.638146478065,56.19627466955,56.520313995794,18856423.0
2016-08-18,57.42,57.7,57.27,57.6,14214341.0,0.0,1.0,56.382842766478,56.65778522511,56.23555216364,56.559591489884,14214341.0
2016-08-19,57.43,57.73,57.2,57.62,17271044.0,0.0,1.0,56.392662140001,56.687243345677,56.166816548982,56.579230236929,17271044.0
2016-08-22,57.6,57.75,57.26,57.67,15221922.0,0.0,1.0,56.559591489884,56.706882092723,56.225732790118,56.628327104542,15221922.0
2016-08-23,57.9,58.18,57.85,57.89,18732373.0,0.0,1.0,56.854172695561,57.129115154192,56.805075827948,56.844353322038,18732373.0
2016-08-24,57.8,58.04,57.715,57.95,18151506.0,0.0,1.0,56.755978960335,56.991643924876,56.672514285394,56.903269563174,18151506.0
2016-08-25,57.88,58.29,57.78,58.17,18552579.0,0.0,1.0,56.834533948516,57.23712826294,56.73634021329,57.11929578067,18552579.0
2016-08-26,58.28,58.7,57.69,58.03,20971202.0,0.0,1.0,57.227308889418,57.639722577365,56.647965851587,56.981824551354,20971202.0
2016-08-29,58.18,58.6,58.1,58.1,16417207.0,0.0,1.0,57.129115154192,57.541528842139,57.050560166012,57.050560166012,16417207.0
2016-08-30,57.98,58.19,57.61,57.89,16930185.0,0.0,1.0,56.932727683741,57.138934527715,56.569410863407,56.844353322038,16930185.0
2016-08-31,57.65,57.8,57.3,57.46,20860269.0,0.0,1.0,56.608688357497,56.755978960335,56.265010284208,56.422120260569,20860269.0
2016-09-01,57.01,57.82,57.01,57.59,26075363.0,0.0,1.0,55.980248452054,56.77561770738,55.980248452054,56.549772116362,26075363.0
2016-09-02,57.67,58.19,57.42,57.67,18900489.0,0.0,1.0,56.628327104542,57.138934527715,56.382842766478,56.628327104542,18900489.0
2016-09-06,57.78,57.8,57.21,57.61,16278416.0,0.0,1.0,56.73634021329,56.755978960335,56.176635922505,56.569410863407,16278416.0
2016-09-07,57.47,57.84,57.405,57.66,17493359.0,0.0,1.0,56.431939634091,56.795256454426,56.368113706195,56.61850773102,17493359.0
2016-09-08,57.63,57.79,57.18,57.43,20146083.0,0.0,1.0,56.589049610452,56.746159586813,56.147177801937,56.392662140001,20146083.0
2016-09-09,56.79,57.52,56.21,56.21,35113934.0,0.0,1.0,55.764222234558,56.481036501704,55.19469857025,55.19469857025,35113934.0
2016-09-12,56.0,57.205,55.61,57.05,29302962.0,0.0,1.0,54.988491726276,56.171726235744,54.605536158897,56.019525946144,29302962.0
2016-09-13,56.5,56.65,56.05,56.53,30130213.0,0.0,1.0,55.479460402404,55.626751005242,55.037588593889,55.508918522972,30130213.0
2016-09-14,56.39,56.63,56.03,56.26,24274273.0,0.0,1.0,55.371447293656,55.607112258197,55.017949846844,55.243795437863,24274273.0
2016-09-15,56.15,57.35,55.98,57.19,27062614.0,0.0,1.0,55.135782329115,56.314107151821,54.968852979231,56.15699717546,27062614.0
2016-09-16,57.63,57.63,56.75,57.25,44606965.0,0.0,1.0,56.589049610452,56.589049610452,55.724944740468,56.215913416595,44606965.0
2016-09-19,57.27,57.75,56.85,56.93,20937104.0,0.0,1.0,56.23555216364,56.706882092723,55.823138475693,55.901693463874,20937104.0
2016-09-20,57.35,57.35,56.75,56.81,17383982.0,0.0,1.0,56.314107151821,56.314107151821,55.724944740468,55.783860981603,17383982.0
2016-09-21,57.51,57.85,57.08,57.76,33707272.0,0.0,1.0,56.471217128181,56.805075827948,56.048984066712,56.716701466245,33707272.0
2016-09-22,57.92,58.0,57.63,57.82,19822203.0,0.0,1.0,56.873811442606,56.952366430786,56.589049610452,56.77561770738,19822203.0
2016-09-23,57.87,57.91,57.38,57.43,19955336.0,0.0,1.0,56.824714574993,56.863992069083,56.343565272388,56.392662140001,19955336.0
2016-09-26,57.08,57.14,56.83,56.9,21688720.0,0.0,1.0,56.048984066712,56.107900307847,55.803499728648,55.872235343306,21688720.0
2016-09-27,56.93,58.06,56.681,57.95,28065071.0,0.0,1.0,55.901693463874,57.011282671922,55.657191063162,56.903269563174,28065071.0
2016-09-28,57.88,58.06,57.67,58.03,20536400.0,0.0,1.0,56.834533948516,57.011282671922,56.628327104542,56.981824551354,20536400.0
2016-09-29,57.81,58.1679,57.21,57.4,25463536.0,0.0,1.0,56.765798333858,57.11723371223,56.176635922505,56.363204019433,25463536.0
2016-09-30,57.57,57.77,57.34,57.6,29910788.0,0.0,1.0,56.530133369317,56.726520839768,56.304287778298,56.559591489884,29910788.0
2016-10-03,57.405,57.55,57.06,57.42,19189515.0,0.0,1.0,56.368113706195,56.510494622272,56.029345319667,56.382842766478,19189515.0
2016-10-04,57.27,57.595,56.97,57.24,20085874.0,0.0,1.0,56.23555216364,56.554681803123,55.940970957964,56.206094043073,20085874.0
2016-10-05,57.29,57.9601,57.26,57.64,16726411.0,0.0,1.0,56.255190910685,56.913187130431,56.225732790118,56.598868983975,16726411.0
2016-10-06,57.74,57.86,57.28,57.74,16212611.0,0.0,1.0,56.6970627192,56.814895201471,56.245371537163,56.6970627192,16212611.0
2016-10-07,57.85,57.98,57.42,57.8,20089020.0,0.0,1.0,56.805075827948,56.932727683741,56.382842766478,56.755978960335,20089020.0
2016-10-10,57.91,58.39,57.87,58.04,18196509.0,0.0,1.0,56.863992069083,57.335321998166,56.824714574993,56.991643924876,18196509.0
2016-10-11,57.89,58.02,56.89,57.19,26497418.0,0.0,1.0,56.844353322038,56.972005177831,55.862415969783,56.15699717546,26497418.0
2016-10-12,57.11,57.27,56.4,57.11,22177464.0,0.0,1.0,56.078442187279,56.23555216364,55.381266667178,56.078442187279,22177464.0
2016-10-13,56.7,57.3,56.315,56.92,25313748.0,0.0,1.0,55.675847872855,56.265010284208,55.297801992237,55.891874090351,25313748.0
2016-10-14,57.12,57.74,57.12,57.42,27402451.0,0.0,1.0,56.088261560802,56.6970627192,56.088261560802,56.382842766478,27402451.0
2016-10-17,57.36,57.46,56.87,57.22,23830014.0,0.0,1.0,56.323926525343,56.422120260569,55.842777222738,56.186455296027,23830014.0
2016-10-18,57.53,57.945,57.41,57.66,19149538.0,0.0,1.0,56.490855875226,56.898359876412,56.373023392956,56.61850773102,19149538.0
2016-10-19,57.47,57.84,57.395,57.53,22878397.0,0.0,1.0,56.431939634091,56.795256454426,56.358294332672,56.490855875226,22878397.0
2016-10-20,57.5,57.52,56.66,57.25,49455612.0,0.0,1.0,56.461397754659,56.481036501704,55.636570378765,56.215913416595,49455612.0
2016-10-21,60.28,60.45,59.485,59.66,80032206.0,0.0,1.0,59.191183593928,59.358112943811,58.410543398885,58.582382435529,80032206.0
2016-10-24,59.94,61.0,59.93,61.0,54066978.0,0.0,1.0,58.857324894161,59.898178487551,58.847505520638,59.898178487551,54066978.0
2016-10-25,60.85,61.3699,60.8,60.99,35137164.0,0.0,1.0,59.750887884713,60.26139711415,59.7017910171,59.888359114029,35137164.0
2016-10-26,60.81,61.2,60.47,60.63,29911608.0,0.0,1.0,59.711610390623,60.094565958002,59.377751690856,59.534861667217,29911608.0
2016-10-27,60.61,60.83,60.09,60.1,28479856.0,0.0,1.0,59.515222920172,59.731249137668,59.004615496999,59.014434870522,28479856.0
2016-10-28,60.01,60.52,59.58,59.87,33574684.0,0.0,1.0,58.926060508819,59.426848558469,58.503827447349,58.788589279503,33574684.0
2016-10-31,60.16,60.42,59.92,59.92,26434697.0,0.0,1.0,59.073351111657,59.328654823243,58.837686147116,58.837686147116,26434697.0
2016-11-01,59.97,60.02,59.25,59.8,24532986.0,0.0,1.0,58.886783014729,58.935879882341,58.179788121105,58.719853664845,24532986.0
2016-11-02,59.82,59.93,59.3,59.43,22147005.0,0.0,1.0,58.73949241189,58.847505520638,58.228884988718,58.356536844511,22147005.0
2016-11-03,59.53,59.64,59.11,59.21,21600427.0,0.0,1.0,58.454730579736,58.562743688484,58.042316891789,58.140510627015,21600427.0
2016-11-04,58.65,59.28,58.52,58.71,28697016.0,0.0,1.0,57.590625709752,58.209246241673,57.462973853959,57.649541950887,28697016.0
2016-11-07,59.78,60.52,59.78,60.42,31664798.0,0.0,1.0,58.7002149178,59.426848558469,58.7002149178,59.328654823243,31664798.0
2016-11-08,60.55,60.78,60.15,60.47,22935355.0,0.0,1.0,59.456306679036,59.682152270055,59.063531738134,59.377751690856,22935355.0
2016-11-09,60.0,60.59,59.2,60.17,49632479.0,0.0,1.0,58.916241135296,59.495584173127,58.130691253492,59.08317048518,49632479.0
2016-11-10,60.48,60.49,57.6302,58.7,57822394.0,0.0,1.0,59.387571064379,59.397390437901,56.589245997922,57.639722577365,57822394.0
2016-11-11,58.23,59.116,58.01,59.02,38767843.0,0.0,1.0,57.178212021805,58.048208515903,56.962185804309,57.953942530086,38767843.0
2016-11-14,59.02,59.08,57.28,58.12,41328422.0,0.0,1.0,57.953942530086,58.012858771222,56.245371537163,57.070198913057,41328422.0
2016-11-15,58.33,59.49,58.315,58.87,35904126.0,0.39,1.0,57.655848567379,58.802441818505,57.641021930511,58.189607494628,35904126.0
2016-11-16,58.94,59.66,58.81,59.65,27332475.0,0.0,1.0,58.258798466678,58.970477036342,58.130300947155,58.960592611764,27332475.0
2016-11-17,60.41,60.95,59.965,60.64,32132728.0,0.0,1.0,59.711808879743,60.245567806991,59.271951985992,59.939150645052,32132728.0
2016-11-18,60.78,61.14,60.3,60.35,27686311.0,0.0,1.0,60.077532589153,60.433371873985,59.603080209377,59.652502332271,27686311.0
2016-11-21,60.5,60.97,60.42,60.86,19652595.0,0.0,1.0,59.800768700951,60.265336656148,59.721693304321,60.156607985783,19652595.0
2016-11-22,60.98,61.26,60.805,61.12,23206700.0,0.0,1.0,60.275221080727,60.55198496893,60.1022436506,60.413603024828,23206700.0
2016-11-23,61.01,61.1,60.25,60.4,21848913.0,0.0,1.0,60.304874354463,60.393834175671,59.553658086484,59.701924455164,21848913.0
2016-11-25,60.3,60.53,60.13,60.53,8409616.0,0.0,1.0,59.603080209377,59.830421974687,59.43504499154,59.830421974687,8409616.0
2016-11-28,60.34,61.02,60.21,60.61,20732619.0,0.0,1.0,59.642617907692,60.314758779041,59.514120388169,59.909497371316,20732619.0
2016-11-29,60.65,61.41,60.52,61.09,22366721.0,0.0,1.0,59.949035069631,60.70025133761,59.820537550108,60.383949751092,22366721.0
2016-11-30,60.86,61.18,60.215,60.26,34655435.0,0.0,1.0,60.156607985783,60.4729095723,59.519062600459,59.563542511063,34655435.0
2016-12-01,60.11,60.15,58.935,59.2,34542121.0,0.0,1.0,59.415276142383,59.454813840697,58.253856254389,58.515793505724,34542121.0
2016-12-02,59.08,59.47,58.8,59.25,25515665.0,0.0,1.0,58.39718041078,58.782672969348,58.120416522577,58.565215628617,25515665.0
2016-12-05,59.7,60.585,59.56,60.22,23552658.0,0.0,1.0,59.010014734657,59.884786309869,58.871632790556,59.524004812748,23552658.0
2016-12-06,60.43,60.46,59.8,59.95,19907035.0,0.0,1.0,59.7315777289,59.761231002636,59.108858980444,59.257125349124,19907035.0
2016-12-07,60.01,61.38,59.8,61.37,30808969.0,0.0,1.0,59.316431896596,60.670598063874,59.108858980444,60.660713639295,30808969.0
2016-12-08,61.3,61.58,60.84,61.01,21220753.0,0.0,1.0,60.591522667244,60.868286555447,60.136839136625,60.304874354463,21220753.0
2016-12-09,61.18,61.99,61.125,61.97,27349356.0,0.0,1.0,60.4729095723,61.273547963172,60.418545237117,61.253779114015,27349356.0
2016-12-12,61.82,62.3,61.72,62.17,20198081.0,0.0,1.0,61.105512745335,61.579965125111,61.006668499548,61.451467605588,20198081.0
2016-12-13,62.5,63.42,62.24,62.98,35718868.0,0.0,1.0,61.777653616685,62.687020677922,61.520658577639,62.252105996461,35718868.0
2016-12-14,63.0,63.45,62.53,62.68,30352654.0,0.0,1.0,62.271874845618,62.716673951658,61.807306890421,61.955573259101,30352654.0
2016-12-15,62.7,63.1535,62.3,62.58,27669868.0,0.0,1.0,61.975342108258,62.423600762901,61.579965125111,61.856729013314,27669868.0
2016-12-16,62.95,62.95,62.115,62.3,42453083.0,0.0,1.0,62.222452722725,62.222452722725,61.397103270406,61.579965125111,42453083.0
2016-12-19,62.56,63.77,62.42,63.62,34338219.0,0.0,1.0,61.836960164157,63.032975538176,61.698578220055,62.884709169496,34338219.0
2016-12-20,63.69,63.8,63.025,63.54,26028379.0,0.0,1.0,62.953900141546,63.062628811912,62.296585907065,62.805633772866,26028379.0
2016-12-21,63.43,63.7,63.12,63.54,17096304.0,0.0,1.0,62.696905102501,62.963784566125,62.390487940562,62.805633772866,17096304.0
2016-12-22,63.84,64.1,63.405,63.55,22176585.0,0.0,1.0,63.102166510226,63.359161549272,62.672194041054,62.815518197445,22176585.0
2016-12-23,63.45,63.54,62.8,63.24,12403819.0,0.0,1.0,62.716673951658,62.805633772866,62.074186354045,62.509101035506,12403819.0
2016-12-27,63.21,64.07,63.21,63.28,11763173.0,0.0,1.0,62.47944776177,63.329508275536,62.47944776177,62.548638733821,11763173.0
2016-12-28,63.4,63.4,62.83,62.99,14653348.0,0.0,1.0,62.667251828765,62.667251828765,62.103839627781,62.261990421039,14653348.0
2016-12-29,62.86,63.2,62.73,62.9,10250582.0,0.0,1.0,62.133492901517,62.469563337191,62.004995381994,62.173030599831,10250582.0
2016-12-30,62.96,62.99,62.03,62.14,25579908.0,0.0,1.0,62.232337147303,62.261990421039,61.313085661487,61.421814331852,25579908.0
2017-01-03,62.79,62.84,62.125,62.58,20694101.0,0.0,1.0,62.064301929466,62.113724052359,61.406987694984,61.856729013314,20694101.0
2017-01-04,62.48,62.75,62.12,62.3,21339969.0,0.0,1.0,61.757884767527,62.024764231151,61.402045482695,61.579965125111,21339969.0
2017-01-05,62.19,62.66,62.03,62.3,24875968.0,0.0,1.0,61.471236454746,61.935804409943,61.313085661487,61.579965125111,24875968.0
2017-01-06,62.3,63.15,62.04,62.84,19922919.0,0.0,1.0,61.579965125111,62.420141214298,61.322970086066,62.113724052359,19922919.0
2017-01-09,62.76,63.08,62.54,62.64,20382730.0,0.0,1.0,62.03464865573,62.350950242247,61.817191314999,61.916035560786,20382730.0
2017-01-10,62.73,63.07,62.28,62.62,18593004.0,0.0,1.0,62.004995381994,62.341065817669,61.560196275954,61.896266711629,18593004.0
2017-01-11,62.61,63.23,62.43,63.19,21517335.0,0.0,1.0,61.88638228705,62.499216610927,61.708462644634,62.459678912613,21517335.0
2017-01-12,63.06,63.4,61.95,62.61,20968223.0,0.0,1.0,62.33118139309,62.667251828765,61.234010264858,61.88638228705,20968223.0
2017-01-13,62.62,62.865,62.35,62.7,19422310.0,0.0,1.0,61.896266711629,62.138435113806,61.629387248005,61.975342108258,19422310.0
2017-01-17,62.68,62.7,62.03,62.53,20663983.0,0.0,1.0,61.955573259101,61.975342108258,61.313085661487,61.807306890421,20663983.0
2017-01-18,62.67,62.7,62.12,62.5,19670102.0,0.0,1.0,61.945688834522,61.975342108258,61.402045482695,61.777653616685,19670102.0
2017-01-19,62.24,62.98,62.195,62.3,18451655.0,0.0,1.0,61.520658577639,62.252105996461,61.476178667035,61.579965125111,18451655.0
2017-01-20,62.67,62.82,62.37,62.74,30213462.0,0.0,1.0,61.945688834522,62.093955203202,61.649156097162,62.014879806573,30213462.0
2017-01-23,62.7,63.1159,62.57,62.96,23097581.0,0.0,1.0,61.975342108258,62.386435326485,61.846844588735,62.232337147303,23097581.0
2017-01-24,63.2,63.735,62.94,63.52,24672940.0,0.0,1.0,62.469563337191,62.99838005215,62.212568298146,62.785864923709,24672940.0
2017-01-25,63.95,64.1,63.45,63.68,24654933.0,0.0,1.0,63.210895180592,63.359161549272,62.716673951658,62.944015716968,24654933.0
2017-01-26,64.12,64.535,63.55,64.27,43554645.0,0.0,1.0,63.378930398429,63.789134018444,62.815518197445,63.527196767109,43554645.0
2017-01-27,65.39,65.91,64.89,65.78,44817972.0,0.0,1.0,64.63425231992,65.148242398011,64.140031090987,65.019744878488,44817972.0
2017-01-30,65.69,65.79,64.8,65.13,31651445.0,0.0,1.0,64.93078505728,65.029629303067,64.051071269779,64.377257280875,31651445.0
2017-01-31,64.86,65.15,64.26,64.65,25270549.0,0.0,1.0,64.110377817251,64.397026130032,63.51731234253,63.902804901098,25270549.0
2017-02-01,64.355,64.62,63.47,63.58,39671528.0,0.0,1.0,63.611214376028,63.873151627362,62.736442800815,62.845171471181,39671528.0
2017-02-02,63.25,63.41,62.75,63.17,45827013.0,0.0,1.0,62.518985460085,62.677136253343,62.024764231151,62.439910063455,45827013.0
2017-02-03,63.5,63.7,63.07,63.68,30301759.0,0.0,1.0,62.766096074551,62.963784566125,62.341065817669,62.944015716968,30301759.0
2017-02-06,63.5,63.65,63.14,63.64,19796360.0,0.0,1.0,62.766096074551,62.914362443232,62.410256789719,62.904478018653,19796360.0
2017-02-07,63.74,63.78,63.23,63.43,20277226.0,0.0,1.0,63.00332226444,63.042859962754,62.499216610927,62.696905102501,20277226.0
2017-02-08,63.57,63.81,63.22,63.34,18096358.0,0.0,1.0,62.835287046602,63.07251323649,62.489332186349,62.607945281293,18096358.0
2017-02-09,63.52,64.435,63.32,64.06,22644443.0,0.0,1.0,62.785864923709,63.690289772657,62.588176432135,63.319623850957,22644443.0
2017-02-10,64.25,64.3,63.975,64.0,18170729.0,0.0,1.0,63.507427917952,63.556850040845,63.235606242038,63.260317303485,18170729.0
2017-02-13,64.24,64.86,64.13,64.72,22920101.0,0.0,1.0,63.497543493373,64.110377817251,63.388814823008,63.971995873149,22920101.0
2017-02-14,64.41,64.72,64.02,64.57,23108426.0,0.39,1.0,64.050116045845,64.358383954155,63.66229512894,64.209222063037,23108426.0
2017-02-15,64.5,64.57,64.155,64.53,17005157.0,0.0,1.0,64.139613180516,64.209222063037,63.796540830946,64.169445558739,17005157.0
2017-02-16,64.74,65.24,64.44,64.52,20546345.0,0.0,1.0,64.378272206304,64.875478510029,64.079948424069,64.159501432665,20546345.0
2017-02-17,64.47,64.69,64.3,64.62,21248818.0,0.0,1.0,64.109780802292,64.328551575931,63.940730659026,64.25894269341,21248818.0
2017-02-21,64.61,64.95,64.45,64.49,20655869.0,0.0,1.0,64.248998567335,64.587098853868,64.089892550143,64.129669054441,20655869.0
2017-02-22,64.33,64.39,64.05,64.36,19292651.0,0.0,1.0,63.970563037249,64.030227793696,63.692127507163,64.000395415473,19292651.0
2017-02-23,64.42,64.7285,64.195,64.62,20273128.0,0.0,1.0,64.06006017192,64.366836461318,63.836317335244,64.25894269341,20273128.0
2017-02-24,64.53,64.8,64.135,64.62,21796800.0,0.0,1.0,64.169445558739,64.437936962751,63.776652578797,64.25894269341,21796800.0
2017-02-27,64.54,64.54,64.045,64.23,15871507.0,0.0,1.0,64.179389684814,64.179389684814,63.687155444126,63.871121776504,15871507.0
2017-02-28,64.08,64.2,63.76,63.98,23239825.0,0.0,1.0,63.721959885387,63.841289398281,63.403747851003,63.622518624642,23239825.0
2017-03-01,64.13,64.99,64.0218,64.94,26937459.0,0.0,1.0,63.771680515759,64.626875358166,63.664085071633,64.577154727794,26937459.0
2017-03-02,64.69,64.75,63.88,64.01,24539597.0,0.0,1.0,64.328551575931,64.388216332378,63.523077363897,63.652351002865,24539597.0
2017-03-03,63.99,64.28,63.62,64.25,18139405.0,0.0,1.0,63.632462750716,63.920842406877,63.26453008596,63.891010028653,18139405.0
2017-03-06,63.97,64.56,63.81,64.27,18750255.0,0.0,1.0,63.612574498567,64.199277936963,63.453468481375,63.910898280802,18750255.0
2017-03-07,64.19,64.775,64.19,64.4,18520987.0,0.0,1.0,63.831345272206,64.413076647564,63.831345272206,64.040171919771,18520987.0
2017-03-08,64.26,65.085,64.25,64.99,21510907.0,0.0,1.0,63.900954154728,64.721344555874,63.891010028653,64.626875358166,21510907.0
2017-03-09,65.19,65.2,64.48,64.73,19846832.0,0.0,1.0,64.825757879656,64.835702005731,64.119724928367,64.368328080229,19846832.0
2017-03-10,65.11,65.26,64.75,64.93,19538245.0,0.0,1.0,64.74620487106,64.895366762178,64.388216332378,64.567210601719,19538245.0
2017-03-13,65.01,65.195,64.57,64.71,20100035.0,0.0,1.0,64.646763610315,64.830729942693,64.209222063037,64.34843982808,20100035.0
2017-03-14,64.53,64.55,64.15,64.41,14280202.0,0.0,1.0,64.169445558739,64.189333810888,63.791568767908,64.050116045845,14280202.0
2017-03-15,64.55,64.92,64.25,64.75,24833810.0,0.0,1.0,64.189333810888,64.557266475645,63.891010028653,64.388216332378,24833810.0
2017-03-16,64.75,64.76,64.3,64.64,20674296.0,0.0,1.0,64.388216332378,64.398160458453,63.940730659026,64.278830945559,20674296.0
2017-03-17,64.91,65.24,64.68,64.87,49219686.0,0.0,1.0,64.54732234957,64.875478510029,64.318607449857,64.507545845272,49219686.0
2017-03-20,64.91,65.175,64.72,64.93,14598083.0,0.0,1.0,64.54732234957,64.810841690544,64.358383954155,64.567210601719,14598083.0
2017-03-21,65.19,65.5,64.13,64.21,26640480.0,0.0,1.0,64.825757879656,65.134025787966,63.771680515759,63.851233524355,26640480.0
2017-03-22,64.12,65.14,64.12,65.03,20680015.0,0.0,1.0,63.761736389685,64.776037249284,63.761736389685,64.666651862464,20680015.0
2017-03-23,64.94,65.235,64.765,64.87,19269203.0,0.0,1.0,64.577154727794,64.870506446991,64.40313252149,64.507545845272,19269203.0
2017-03-24,65.36,65.45,64.76,64.98,22617105.0,0.0,1.0,64.994808022923,65.084305157593,64.398160458453,64.616931232092,22617105.0
2017-03-27,64.63,65.22,64.35,65.1,18614662.0,0.0,1.0,64.268886819484,64.85559025788,63.990451289398,64.736260744986,18614662.0
2017-03-28,64.96,65.47,64.65,65.29,20080358.0,0.0,1.0,64.597042979943,65.104193409742,64.288775071633,64.925199140401,20080358.0
2017-03-29,65.12,65.5,64.9475,65.47,13618424.0,0.0,1.0,64.756148997135,65.134025787966,64.58461282235,65.104193409742,13618424.0
2017-03-30,65.42,65.98,65.36,65.71,15122823.0,0.0,1.0,65.05447277937,65.611343839542,64.994808022923,65.34285243553,15122823.0
2017-03-31,65.65,66.19,65.45,65.86,21040331.0,0.0,1.0,65.283187679083,65.820170487106,65.084305157593,65.492014326648,21040331.0
2017-04-03,65.81,65.94,65.19,65.55,20400871.0,0.0,1.0,65.442293696275,65.571567335244,64.825757879656,65.183746418338,20400871.0
2017-04-04,65.39,65.81,65.28,65.73,12997449.0,0.0,1.0,65.024640401146,65.442293696275,64.915255014327,65.362740687679,12997449.0
2017-04-05,66.3,66.35,65.4443,65.56,21448594.0,0.0,1.0,65.929555873925,65.979276504298,65.078637005731,65.193690544413,21448594.0
2017-04-06,65.6,66.055,65.48,65.73,18103453.0,0.0,1.0,65.233467048711,65.6859247851,65.114137535817,65.362740687679,18103453.0
2017-04-07,65.85,65.96,65.44,65.68,14089274.0,0.0,1.0,65.482070200573,65.591455587393,65.074361031519,65.313020057307,14089274.0
2017-04-10,65.61,65.82,65.36,65.53,17952742.0,0.0,1.0,65.243411174785,65.45223782235,64.994808022923,65.163858166189,17952742.0
2017-04-11,65.6,65.61,64.85,65.48,18791533.0,0.0,1.0,65.233467048711,65.243411174785,64.487657593123,65.114137535817,18791533.0
2017-04-12,65.42,65.51,65.11,65.23,17108513.0,0.0,1.0,65.05447277937,65.14396991404,64.74620487106,64.865534383954,17108513.0
2017-04-13,65.29,65.86,64.95,64.95,17896483.0,0.0,1.0,64.925199140401,65.492014326648,64.587098853868,64.587098853868,17896483.0
2017-04-17,65.04,65.49,65.01,65.48,16689265.0,0.0,1.0,64.676595988539,65.124081661891,64.646763610315,65.114137535817,16689265.0
2017-04-18,65.33,65.71,65.16,65.39,15155611.0,0.0,1.0,64.964975644699,65.34285243553,64.795925501433,65.024640401146,15155611.0
2017-04-19,65.65,65.75,64.89,65.04,26992771.0,0.0,1.0,65.283187679083,65.382628939828,64.527434097421,64.676595988539,26992771.0
2017-04-20,65.46,65.75,65.14,65.5,22299477.0,0.0,1.0,65.094249283668,65.382628939828,64.776037249284,65.134025787966,22299477.0
2017-04-21,65.67,66.7,65.45,66.4,32522645.0,0.0,1.0,65.303075931232,66.327320916905,65.084305157593,66.02899713467,32522645.0
2017-04-24,67.48,67.66,67.1,67.53,29721254.0,0.0,1.0,67.102962750716,67.281957020057,66.725085959885,67.152683381089,29721254.0
2017-04-25,67.9,68.04,67.6,67.92,29983174.0,0.0,1.0,67.520616045845,67.659833810888,67.22229226361,67.540504297994,29983174.0
2017-04-26,68.08,68.31,67.62,67.83,25544417.0,0.0,1.0,67.699610315186,67.9283252149,67.242180515759,67.451007163324,25544417.0
2017-04-27,68.15,68.38,67.58,68.27,32219234.0,0.0,1.0,67.769219197708,67.997934097421,67.202404011461,67.888548710602,32219234.0
2017-04-28,68.91,69.14,67.69,68.46,38940853.0,0.0,1.0,68.52497277937,68.753687679083,67.311789398281,68.077487106017,38940853.0
2017-05-01,68.68,69.55,68.5,69.41,31304672.0,0.0,1.0,68.296257879656,69.161396848138,68.117263610315,69.022179083095,31304672.0
2017-05-02,69.71,69.71,69.13,69.3,23000828.0,0.0,1.0,69.32050286533,69.32050286533,68.743743553009,68.912793696275,23000828.0
2017-05-03,69.38,69.38,68.71,69.08,28725646.0,0.0,1.0,68.992346704871,68.992346704871,68.32609025788,68.694022922636,28725646.0
2017-05-04,69.03,69.08,68.64,68.81,21421413.0,0.0,1.0,68.644302292264,68.694022922636,68.256481375358,68.425531518625,21421413.0
2017-05-05,68.9,69.03,68.485,69.0,18882845.0,0.0,1.0,68.515028653295,68.644302292264,68.102347421203,68.61446991404,18882845.0
2017-05-08,68.97,69.05,68.42,68.94,18446053.0,0.0,1.0,68.584637535817,68.664190544413,68.037710601719,68.554805157593,18446053.0
2017-05-09,68.86,69.28,68.68,69.04,22318181.0,0.0,1.0,68.475252148997,68.892905444126,68.296257879656,68.654246418338,22318181.0
2017-05-10,68.99,69.56,68.92,69.31,17842038.0,0.0,1.0,68.604525787966,69.171340974212,68.534916905444,68.92273782235,17842038.0
2017-05-11,68.36,68.73,68.12,68.46,27985424.0,0.0,1.0,67.978045845272,68.345978510029,67.739386819484,68.077487106017,27985424.0
2017-05-12,68.61,68.61,68.04,68.38,17073013.0,0.0,1.0,68.226648997135,68.226648997135,67.659833810888,67.997934097421,17073013.0
2017-05-15,68.14,68.48,67.57,68.43,30705323.0,0.0,1.0,67.759275071633,68.097375358166,67.192459885387,68.047654727794,30705323.0
2017-05-16,68.23,69.44,68.16,69.41,33250702.0,0.39,1.0,68.23,69.44,68.16,69.41,33250702.0
2017-05-17,68.89,69.1,67.43,67.48,29964198.0,0.0,1.0,68.89,69.1,67.43,67.48,29964198.0
2017-05-18,67.4,68.13,67.14,67.71,24789790.0,0.0,1.0,67.4,68.13,67.14,67.71,24789790.0
2017-05-19,67.5,68.095,67.43,67.69,26496478.0,0.0,1.0,67.5,68.095,67.43,67.69,26496478.0
2017-05-22,67.89,68.5,67.5,68.45,15484530.0,0.0,1.0,67.89,68.5,67.5,68.45,15484530.0
2017-05-23,68.72,68.75,68.38,68.68,15347877.0,0.0,1.0,68.72,68.75,68.38,68.68,15347877.0
2017-05-24,68.87,68.88,68.45,68.77,14422965.0,0.0,1.0,68.87,68.88,68.45,68.77,14422965.0
2017-05-25,68.97,69.88,68.91,69.62,21702912.0,0.0,1.0,68.97,69.88,68.91,69.62,21702912.0
2017-05-26,69.8,70.22,69.52,69.97,19644260.0,0.0,1.0,69.8,70.22,69.52,69.97,19644260.0
2017-05-30,69.79,70.41,69.77,70.41,16901792.0,0.0,1.0,69.79,70.41,69.77,70.41,16901792.0
2017-05-31,70.53,70.74,69.81,69.84,29538356.0,0.0,1.0,70.53,70.74,69.81,69.84,29538356.0
2017-06-01,70.24,70.61,69.451,70.1,21066468.0,0.0,1.0,70.24,70.61,69.451,70.1,21066468.0
2017-06-02,70.44,71.86,70.24,71.76,34586054.0,0.0,1.0,70.44,71.86,70.24,71.76,34586054.0
2017-06-05,71.97,72.89,71.81,72.28,29507429.0,0.0,1.0,71.97,72.89,71.81,72.28,29507429.0
2017-06-06,72.3,72.62,72.27,72.52,31220057.0,0.0,1.0,72.3,72.62,72.27,72.52,31220057.0
2017-06-07,72.635,72.77,71.95,72.39,21895156.0,0.0,1.0,72.635,72.77,71.95,72.39,21895156.0
2017-06-08,72.51,72.52,71.5,71.945,23982410.0,0.0,1.0,72.51,72.52,71.5,71.945,23982410.0
2017-06-09,72.035,72.08,68.59,70.32,48619420.0,0.0,1.0,72.035,72.08,68.59,70.32,48619420.0
2017-06-12,69.25,69.94,68.13,69.78,47363986.0,0.0,1.0,69.25,69.94,68.13,69.78,47363986.0
2017-06-13,70.02,70.82,69.96,70.65,24815455.0,0.0,1.0,70.02,70.82,69.96,70.65,24815455.0
2017-06-14,70.91,71.1,69.43,70.27,25271276.0,0.0,1.0,70.91,71.1,69.43,70.27,25271276.0
2017-06-15,69.27,70.21,68.8,69.9,25701569.0,0.0,1.0,69.27,70.21,68.8,69.9,25701569.0
2017-06-16,69.73,70.0252,69.22,70.0,46911637.0,0.0,1.0,69.73,70.0252,69.22,70.0,46911637.0
2017-06-19,70.5,70.945,70.35,70.87,23146852.0,0.0,1.0,70.5,70.945,70.35,70.87,23146852.0
2017-06-20,70.82,70.87,69.87,69.91,20775590.0,0.0,1.0,70.82,70.87,69.87,69.91,20775590.0
2017-06-21,70.21,70.62,69.94,70.27,19190623.0,0.0,1.0,70.21,70.62,69.94,70.27,19190623.0
2017-06-22,70.54,70.59,69.71,70.26,22222851.0,0.0,1.0,70.54,70.59,69.71,70.26,22222851.0
2017-06-23,70.09,71.25,69.92,71.21,23176418.0,0.0,1.0,70.09,71.25,69.92,71.21,23176418.0
2017-06-26,71.4,71.71,70.445,70.53,19308122.0,0.0,1.0,71.4,71.71,70.445,70.53,19308122.0
2017-06-27,70.11,70.18,69.18,69.21,24862560.0,0.0,1.0,70.11,70.18,69.18,69.21,24862560.0
2017-06-28,69.21,69.841,68.79,69.8,25226070.0,0.0,1.0,69.21,69.841,68.79,69.8,25226070.0
2017-06-29,69.38,69.49,68.09,68.49,28231562.0,0.0,1.0,69.38,69.49,68.09,68.49,28231562.0
2017-06-30,68.78,69.38,68.74,68.93,23039328.0,0.0,1.0,68.78,69.38,68.74,68.93,23039328.0
2017-07-03,69.33,69.6,68.02,68.17,16164331.0,0.0,1.0,69.33,69.6,68.02,68.17,16164331.0
2017-07-05,68.255,69.44,68.22,69.08,20174523.0,0.0,1.0,68.255,69.44,68.22,69.08,20174523.0
2017-07-06,68.27,68.78,68.12,68.57,20776555.0,0.0,1.0,68.27,68.78,68.12,68.57,20776555.0
2017-07-07,68.7,69.84,68.7,69.46,15897154.0,0.0,1.0,68.7,69.84,68.7,69.46,15897154.0
2017-07-10,69.46,70.25,69.2,69.98,14903400.0,0.0,1.0,69.46,70.25,69.2,69.98,14903400.0
2017-07-11,70.0,70.68,69.75,69.99,16880205.0,0.0,1.0,70.0,70.68,69.75,69.99,16880205.0
2017-07-12,70.69,71.28,70.55,71.15,17382861.0,0.0,1.0,70.69,71.28,70.55,71.15,17382861.0
2017-07-13,71.5,72.0399,71.31,71.77,20149208.0,0.0,1.0,71.5,72.0399,71.31,71.77,20149208.0
2017-07-14,72.24,73.27,71.96,72.78,25689303.0,0.0,1.0,72.24,73.27,71.96,72.78,25689303.0
2017-07-17,72.8,73.45,72.72,73.35,21481069.0,0.0,1.0,72.8,73.45,72.72,73.35,21481069.0
